zone_a_mean,zone_a_max,zone_b_mean,zone_b_max,zone_c_mean,zone_c_max,bucket_start_sec
0.0,0,0.76,3,0.84,2,28800
0.0,0,0.26,2,0.84,3,29400
0.02,1,0.52,2,1.04,3,30000
0.02,1,0.54,3,0.72,3,30600
0.0,0,0.26,2,1.14,3,31200
0.4,2,0.56,3,1.62,5,31800
0.3,1,0.9,3,1.06,3,32400
0.3333333333333333,1,0.6458333333333334,3,0.9583333333333334,2,33000
